{
  "temperature": 1.255261,
  "threshold": 0.457489,
  "auc": 0.977087
}