{
  "NORMAL": 1.939791,
  "PNEUMONIA": 0.673636
}